https://vanilla.neqo-test/img/5th-section.jpg,https://vanilla.neqo-test/css/templatemo-main.css
https://vanilla.neqo-test/img/4th-item.jpg,https://vanilla.neqo-test/
https://vanilla.neqo-test/img/6th-item.jpg,https://vanilla.neqo-test/
https://vanilla.neqo-test/css/hero-slider.css,https://vanilla.neqo-test/
https://vanilla.neqo-test/css/templatemo-main.css,https://vanilla.neqo-test/
https://vanilla.neqo-test/fonts/fontawesome-webfont.woff2?v=4.7.0,https://vanilla.neqo-test/css/fontAwesome.css
https://vanilla.neqo-test/img/3rd-section.jpg,https://vanilla.neqo-test/css/templatemo-main.css
https://vanilla.neqo-test/img/5th-item.jpg,https://vanilla.neqo-test/
https://vanilla.neqo-test/img/2nd-tab.jpg,https://vanilla.neqo-test/
https://vanilla.neqo-test/js/vendor/modernizr-2.8.3-respond-1.4.2.min.js,https://vanilla.neqo-test/
https://vanilla.neqo-test/js/main.js,https://vanilla.neqo-test/
https://vanilla.neqo-test/img/3rd-tab.jpg,https://vanilla.neqo-test/
https://vanilla.neqo-test/img/1st-item.jpg,https://vanilla.neqo-test/
https://vanilla.neqo-test/img/4th-tab.jpg,https://vanilla.neqo-test/
https://vanilla.neqo-test/js/plugins.js,https://vanilla.neqo-test/
https://vanilla.neqo-test/img/loading.gif,https://vanilla.neqo-test/css/templatemo-main.css
https://vanilla.neqo-test/,
https://vanilla.neqo-test/img/prev.png,https://vanilla.neqo-test/css/templatemo-main.css
https://vanilla.neqo-test/img/1st-section.jpg,https://vanilla.neqo-test/css/templatemo-main.css
https://vanilla.neqo-test/img/3rd-item.jpg,https://vanilla.neqo-test/
https://vanilla.neqo-test/css/fontAwesome.css,https://vanilla.neqo-test/
https://vanilla.neqo-test/css/owl-carousel.css,https://vanilla.neqo-test/
https://vanilla.neqo-test/css/bootstrap.min.css,https://vanilla.neqo-test/
https://vanilla.neqo-test/img/2nd-item.jpg,https://vanilla.neqo-test/
https://vanilla.neqo-test/img/next.png,https://vanilla.neqo-test/css/templatemo-main.css
https://vanilla.neqo-test/img/close.png,https://vanilla.neqo-test/css/templatemo-main.css
https://vanilla.neqo-test/js/vendor/bootstrap.min.js,https://vanilla.neqo-test/
https://vanilla.neqo-test/img/1st-tab.jpg,https://vanilla.neqo-test/
https://vanilla.neqo-test/img/2nd-section.jpg,https://vanilla.neqo-test/css/templatemo-main.css
https://vanilla.neqo-test/img/4th-section.jpg,https://vanilla.neqo-test/css/templatemo-main.css
